date,size
Fri Apr 29 2016 00:43:12 GMT-0400 (Eastern Daylight Time),3
Fri Apr 29 2016 00:43:14 GMT-0400 (Eastern Daylight Time),3
Fri Apr 29 2016 00:43:15 GMT-0400 (Eastern Daylight Time),1
Fri Apr 29 2016 00:43:16 GMT-0400 (Eastern Daylight Time),5
Fri Apr 29 2016 00:43:17 GMT-0400 (Eastern Daylight Time),4
Fri Apr 29 2016 00:43:18 GMT-0400 (Eastern Daylight Time),1
Fri Apr 29 2016 00:43:19 GMT-0400 (Eastern Daylight Time),2
Fri Apr 29 2016 00:43:20 GMT-0400 (Eastern Daylight Time),6
Fri Apr 29 2016 00:43:21 GMT-0400 (Eastern Daylight Time),3
Fri Apr 29 2016 00:43:22 GMT-0400 (Eastern Daylight Time),2
Fri Apr 29 2016 00:43:23 GMT-0400 (Eastern Daylight Time),4
Fri Apr 29 2016 00:43:24 GMT-0400 (Eastern Daylight Time),3
Fri Apr 29 2016 00:43:25 GMT-0400 (Eastern Daylight Time),5
Fri Apr 29 2016 00:43:26 GMT-0400 (Eastern Daylight Time),1
Fri Apr 29 2016 00:43:27 GMT-0400 (Eastern Daylight Time),3
Fri Apr 29 2016 00:43:28 GMT-0400 (Eastern Daylight Time),2
Fri Apr 29 2016 00:43:29 GMT-0400 (Eastern Daylight Time),1
Fri Apr 29 2016 00:43:30 GMT-0400 (Eastern Daylight Time),4
Fri Apr 29 2016 00:43:31 GMT-0400 (Eastern Daylight Time),2
Fri Apr 29 2016 00:43:32 GMT-0400 (Eastern Daylight Time),4
Fri Apr 29 2016 00:43:33 GMT-0400 (Eastern Daylight Time),3
Fri Apr 29 2016 00:43:34 GMT-0400 (Eastern Daylight Time),2
Fri Apr 29 2016 00:43:35 GMT-0400 (Eastern Daylight Time),2
Fri Apr 29 2016 00:43:36 GMT-0400 (Eastern Daylight Time),1
Fri Apr 29 2016 00:43:37 GMT-0400 (Eastern Daylight Time),1
Fri Apr 29 2016 00:43:38 GMT-0400 (Eastern Daylight Time),2
Fri Apr 29 2016 00:43:39 GMT-0400 (Eastern Daylight Time),1
Fri Apr 29 2016 00:43:40 GMT-0400 (Eastern Daylight Time),1
Fri Apr 29 2016 00:43:41 GMT-0400 (Eastern Daylight Time),1
Fri Apr 29 2016 00:43:43 GMT-0400 (Eastern Daylight Time),3
Fri Apr 29 2016 00:43:44 GMT-0400 (Eastern Daylight Time),4
Fri Apr 29 2016 00:43:45 GMT-0400 (Eastern Daylight Time),3
Fri Apr 29 2016 00:43:46 GMT-0400 (Eastern Daylight Time),1
Fri Apr 29 2016 00:43:47 GMT-0400 (Eastern Daylight Time),3
Fri Apr 29 2016 00:43:48 GMT-0400 (Eastern Daylight Time),4
Fri Apr 29 2016 00:43:49 GMT-0400 (Eastern Daylight Time),5
Fri Apr 29 2016 00:43:50 GMT-0400 (Eastern Daylight Time),3
